Name,Contact_details
Ashley Temlett,776-133-7410
Weidar Olekhov,548-680-4335
Trudi Facey,843-183-0820
Denys Beddoe,739-657-8738
Alic Windaybank,153-426-3309
Alfreda De Laspee,432-426-3156
Mina Haig,787-766-4984
Terrel Snyder,765-291-4161
Gearalt Redit,992-525-6253
Callie Danbi,509-300-1067
Timi Westmore,799-910-1379
Shirley Neve,157-233-6897
Loise Huckle,441-470-5287
Aprilette Castagnaro,189-557-7451
Dacy Farres,916-130-7141
Kennie Priter,983-378-7229
Belvia Glavias,322-803-5007
Dore Valentetti,570-905-8303
Kristoforo Comolli,867-978-7972
Brice Shitliff,125-989-3135
Maximilien O'Keefe,756-479-4608
Russ Lamplugh,638-888-2154
Garrot Tellenbrok,511-351-1275
Willi Sibary,613-604-5724
Nonie Reinhardt,802-862-0522
Way Merrien,609-998-3247
Filip Pashley,450-464-1692
Hamilton Lacoste,659-929-7787
Hamnet LeEstut,605-845-6789
Martie Vanini,987-409-3820
Vicki Leversha,426-917-0369
Bobbi Ambrus,700-671-3722
Harriott Jeanin,939-716-1805
Faydra Shynn,146-844-4429
Gabriell Langfield,511-307-5226
Ericka Keilty,758-389-4058
Janette Lau,712-207-9193
Darelle O'Scully,418-170-5472
Maura Cyson,328-677-5731
Niki Carmody,173-812-2828
Leda Pattullo,253-651-6775
Della Clawson,233-326-9330
Spike Bradbury,814-265-3098
Cassondra Chismon,995-628-5772
Aili Tesseyman,681-628-2827
Travers Lount,279-243-3940
Otis Stapylton,461-428-8104
Zita Kitcatt,448-211-3041
Philippe Pessel,208-413-0383
Emlyn Siseland,669-839-5036
Selie Santus,695-585-4910
Tisha Scarlon,281-323-3314
Brit Harnes,316-368-8687
Ellary Parkisson,715-543-9004
Rockie Vasile,656-174-6346
Chariot Hamal,591-642-9022
Merill Fookes,992-871-6796
Dru Bowdon,760-152-9953
Lotty Adkin,536-954-3911
Renaldo Skipperbottom,791-594-6528
Zechariah Jess,618-251-8507
Udale Kyrkeman,309-260-0881
Hyacintha Witt,871-871-0344
Robina Oaten,864-189-9166
Aviva Besant,412-290-3807
Tyrone Gutridge,620-245-4221
Nikolaos Clemence,844-357-2624
Stephi Rooze,490-876-8921
Faun Fielder,258-152-0529
Debora Gally,356-558-8814
Phip Allmen,761-471-6286
Celia Di Franceschi,911-579-2737
Corny Bondley,944-835-7448
Kev Cousens,903-392-0457
Carol-jean Hewkin,492-316-8408
Dario Keable,347-797-2658
Hansiain Schooley,519-573-3070
Ricard Haddinton,582-901-8162
Jerrome O'Lyhane,141-533-8821
Tally Dmytryk,127-430-5676
Arni Storrar,251-368-6125
Georgia Biasini,310-287-5718
Teddie Missington,180-425-6883
Lishe Readwing,674-742-0205
Benedicta Cobbledick,434-955-2186
Gianni Dainton,605-722-6407
Noel Bullimore,852-169-3016
Aldrich Gymblett,871-128-5594
Cointon Orbine,141-447-1015
Stanleigh Prescote,326-899-4872
Joseito Smalls,987-462-5563
Anestassia Tailour,525-833-3546
Aurelie Hewins,249-615-1536
Gilbertine Prantoni,320-940-7377
Trefor Gerleit,933-645-3760
Andria Gong,520-777-0672
Robers Gallifont,208-274-5377
Aida Portugal,658-642-1371
Peirce McGonigal,312-328-1941
Elizabet Hillhouse,901-863-9882
Delphinia Dering,524-109-8889
Caspar Faas,714-655-2321
Rodge Camsey,134-704-8574
Theadora Ethersey,357-582-0222
Florance Olin,626-382-5876
Benito Ortega,947-467-5064
Owen Braim,409-375-6308
Arin Lehrmann,544-878-0641
Charissa Tunny,483-344-3415
Kaye Berardt,678-286-1206
Abie Pucker,486-171-9738
Barry Purches,183-562-9792
Vittoria Woollett,759-836-3410
Marnia Creek,493-207-1433
Reggi Yardy,763-217-4739
Tonye Camerello,663-781-1456
Kippy Richard,682-323-3082
Deane Douch,781-960-5590
Algernon Copcott,781-791-9982
Iosep Ricciardo,774-919-6536
Aile Coggell,679-728-5439
Bill Glave,839-587-2055
Clementina Ahern,305-864-2708
Jamey Hamill,839-716-6639
Blaine Barehead,485-921-8568
Sherman Ashmore,299-423-0381
Louisa Sandbatch,414-821-9154
Dusty Rykert,583-545-5340
Maryellen Ower,690-281-1014
Burnard Suter,982-958-1115
Carly Luetkemeyers,278-129-5372
Aigneis Hunnicot,793-447-5114
Carlyn Lythgoe,605-149-2835
Sheffield Ockenden,188-692-7773
Imelda Kellen,521-664-5333
Stan Signe,790-400-3120
Wandie MacFadin,612-832-1257
Raddie Loachhead,968-408-4279
Ediva Risen,280-936-5843
Merrily Wooderson,981-668-4255
Haywood Dettmar,794-914-5650
Bartlett Casaroli,878-823-4146
Terry Austick,837-487-1369
Cosimo Pattesall,933-751-3080
Yoshiko Assard,145-730-5658
Katrine Groll,360-346-7631
Winnie Leyrroyd,410-207-9701
Robinetta Robinett,191-303-4832
Stacie Yglesia,729-167-4942
Aaron Hallgarth,119-159-2277
Gabbie Flippelli,876-561-9539
Tory Biaggelli,840-655-0730
Saree Low,475-794-2350
Farrah Brackenridge,612-338-3318
Giselle Langlais,454-133-0201
Arlie Gothliff,369-805-8481
Geri Nibley,240-852-6717
Avrom Olerenshaw,791-533-4936
Jeramie Krzysztof,332-164-8170
Joete McTurk,429-787-0239
Timotheus Thurstance,542-582-2897
Trstram Lepard,526-152-2030
Chicky Alton,726-115-2197
Ilise Spencer,804-766-8334
Jen Bransdon,439-218-6963
Leland Winkworth,591-930-4002
Franny Yitshak,739-454-1234
Brendon Blazewicz,547-473-1085
Nilson Nunes Nabarro,494-859-2410
Bette-ann Gillbard,452-791-3058
Temp Stratz,718-323-3559
Cesya Corroyer,429-306-2445
Terry Blackhurst,149-817-9497
Moyna Brunnstein,410-263-7738
Itch McDougall,201-317-5012
Addie Brodbin,374-291-8780
Zeke Lapping,567-576-5219
Deborah Elderkin,446-845-9555
Francine Creamer,958-290-7053
Slade Bouldstridge,100-651-0268
Regan Campanelli,638-918-4614
Clareta Korneichik,840-411-9253
Herculie Cavolini,106-531-2841
Durward Rivard,893-590-0333
Anderson Lambrook,961-668-5998
Huntley Dumbelton,481-265-7477
Osborn Fyers,671-241-3889
Bethany Sawell,704-139-9088
Devy Isworth,703-157-1857
Teriann O' Hern,617-766-9807
Maximilian Bottlestone,296-547-1038
Milly Brettle,838-260-7087
Reinaldos Willard,215-319-0700
Caren Coey,900-931-1993
Ichabod Richings,647-914-2800
Myrtie Musslewhite,637-467-2250
Aime Bullock,240-879-8623
Trix Cashman,152-119-9768
Tristam Sutherns,968-663-9009
Loni Hucke,306-811-5503
